"age","sex","mot","anx","val","sec","ple","mot_2","anx_2","val_2","sec_2","ple_2"
20,"F",18,23,14,13,5,21,25,5,5,5
21,"F",14,20,17,9,13,18,25,11,6,5
20,"F",20,22,8,6,5,18,22,10,6,5
20,"F",18,20,15,12,14,19,25,12,10,6
19,"F",18,22,15,13,11,20,23,11,10,7
20,"F",20,25,19,11,7,17,25,18,7,5
19,"F",13,25,11,10,5,18,21,13,10,5
21,"F",14,24,12,9,6,21,19,13,13,5
20,"F",16,17,19,14,13,20,20,13,11,8
19,"F",21,25,9,5,5,16,23,18,8,6
20,"F",22,24,12,8,5,19,21,15,12,7
19,"M",20,20,13,14,11,20,20,13,11,10
20,"F",17,25,14,8,5,18,23,19,12,5
20,"F",20,25,19,11,7,17,20,13,10,9
19,"M",20,20,13,14,11,20,20,14,12,10
21,"F",13,19,19,16,12,18,22,18,11,7
19,"F",17,17,17,15,13,16,17,11,10,10
20,"F",16,19,20,15,14,18,20,12,17,8
21,"F",17,23,12,16,6,18,20,14,17,7
19,"F",19,20,13,12,9,17,19,15,12,10
25,"M",12,15,9,14,10,16,16,10,16,7
21,"F",15,20,19,13,10,20,15,12,16,8
20,"F",21,19,20,18,7,20,13,12,13,10
21,"F",17,17,14,15,12,17,17,10,15,11
19,"F",18,23,21,12,8,18,20,17,14,10
22,"M",17,20,12,14,9,14,20,17,11,10
21,"F",17,24,19,10,5,12,21,22,9,7
20,"F",17,20,10,11,12,17,17,12,16,11
19,"F",17,17,17,15,13,17,18,16,14,11
19,"F",17,16,15,14,13,17,14,12,15,12
20,"F",14,14,16,18,10,16,16,12,16,12
27,"M",20,19,10,15,12,17,13,13,15,11
20,"F",16,16,14,14,12,16,16,15,15,11
19,"M",21,16,17,20,12,16,16,13,17,12
NA,"F",14,20,17,13,9,15,17,16,16,11
20,"F",15,18,20,12,12,16,24,19,18,14
24,"M",15,17,12,14,9,21,10,12,20,11
19,"F",15,17,19,16,14,17,15,17,15,12
25,"F",21,22,10,11,6,15,12,14,13,13
19,"F",14,24,20,13,8,14,20,18,15,14
20,"F",14,20,17,12,10,13,19,20,14,13
19,"F",15,20,19,14,11,18,16,18,17,14
19,"M",17,18,13,15,10,15,16,17,17,13
19,"M",17,15,15,15,9,17,11,13,19,12
21,"F",11,8,21,23,20,16,14,20,13,13
21,"M",14,17,17,12,14,16,15,18,14,16
21,"F",19,24,14,10,8,13,14,17,16,12
20,"M",16,21,17,12,15,16,15,17,18,14
21,"F",12,21,17,15,10,17,17,18,18,16
21,"F",14,14,13,19,12,11,15,13,20,11
20,"F",19,20,18,13,10,16,15,20,15,15
20,"F",12,20,21,16,17,12,19,19,15,16
21,"F",15,20,18,12,8,13,16,21,18,10
19,"F",18,18,15,15,11,15,12,14,20,13
19,"F",19,15,11,20,8,17,14,16,19,16
18,"F",15,17,22,16,15,14,17,17,19,15
21,"F",18,24,13,9,8,14,14,20,14,15
19,"F",13,16,18,17,13,15,15,20,15,17
20,"F",21,19,20,18,7,12,11,19,18,9
19,"F",12,23,20,11,14,11,16,20,16,15
22,"M",12,14,17,18,12,14,12,17,20,13
20,"M",13,15,19,17,14,12,17,18,20,15
21,"F",13,21,21,19,18,10,19,24,16,13
23,"F",12,16,21,19,17,10,17,19,14,18
21,"F",11,11,25,23,16,21,16,21,20,20
19,"F",14,16,19,14,10,12,14,18,20,13
20,"M",11,20,21,13,17,12,18,21,16,18
21,"F",15,14,17,12,16,13,11,19,14,17
19,"F",17,21,16,11,7,12,12,17,20,16
19,"F",12,16,21,16,12,12,10,17,19,15
19,"F",14,20,16,15,13,13,10,20,19,15
19,"F",11,12,22,19,18,17,10,19,22,17
20,"F",20,22,10,10,9,13,10,17,20,18
22,"F",12,19,23,14,11,12,11,21,18,16
20,"F",12,11,18,19,15,13,9,16,21,17
20,"F",15,13,19,17,8,11,10,21,21,13
21,"F",13,12,18,17,12,12,11,19,20,18
19,"F",17,10,17,20,12,15,9,20,20,18
21,"F",17,20,14,13,11,12,11,18,22,18
21,"F",11,11,23,21,19,13,10,20,20,19
20,"F",15,20,15,15,9,12,10,19,22,18
21,"F",17,17,18,18,11,12,9,22,22,14
21,"F",17,17,18,18,11,13,11,21,22,18
19,"F",13,14,15,18,15,13,7,16,23,18
19,"F",12,15,18,16,17,12,10,20,20,19
19,"F",12,15,18,16,17,12,10,20,20,19
20,"F",11,13,18,19,20,12,12,20,20,22
20,"F",11,11,17,18,17,12,10,23,18,20
23,"F",14,10,20,17,17,12,5,19,20,19
19,"F",10,15,23,19,18,12,9,23,20,20
19,"M",16,14,15,13,13,13,5,19,23,20
21,"F",10,14,20,19,16,10,10,23,21,20
19,"M",13,14,20,19,16,10,7,22,23,21
20,"M",9,7,23,20,20,6,6,24,23,22
19,"F",19,16,14,20,9,23,22,8,11,8
20,"F",17,25,17,5,5,19,24,14,7,5
20,"F",22,15,9,16,9,25,14,5,13,5
19,"F",19,19,14,14,11,21,24,14,9,7
22,"F",13,21,20,12,9,17,25,13,11,8
28,"F",15,17,18,14,9,19,21,11,11,8
20,"F",19,25,12,8,5,20,17,7,14,7
23,"F",22,23,5,9,7,20,20,11,13,11
22,"F",18,20,15,13,12,18,19,10,14,9
22,"F",13,21,20,12,9,17,21,13,12,9
19,"F",21,24,13,6,6,18,19,12,13,9
21,"F",21,21,8,5,10,16,22,16,11,8
20,"M",17,20,15,15,11,16,20,13,11,9
22,"F",18,16,12,14,7,17,17,11,10,11
20,"F",17,23,17,10,7,16,19,12,12,10
21,"F",18,24,20,14,12,17,24,16,15,11
19,"F",13,20,13,13,12,15,23,13,16,11
21,"M",13,16,17,16,14,17,19,15,13,10
20,"F",13,24,14,12,7,15,19,14,11,12
19,"M",14,15,23,13,10,16,18,17,13,9
22,"F",18,20,15,13,12,16,20,15,16,11
19,"F",22,20,15,18,8,17,17,18,18,7
21,"F",21,18,14,12,9,17,16,14,17,12
20,"F",16,24,17,6,7,14,17,19,14,10
21,"F",15,14,13,8,13,20,20,18,15,19
19,"F",23,21,9,7,5,14,14,14,17,11
20,"F",15,10,15,14,11,17,12,14,18,12
25,"M",16,13,16,16,15,16,12,15,15,13
22,"M",13,15,17,15,15,15,15,15,15,15
22,"F",16,16,14,16,14,15,11,14,17,11
25,"F",17,15,16,18,9,15,16,20,18,10
21,"F",16,11,16,16,13,16,15,19,16,13
20,"F",10,14,19,18,18,11,15,15,15,15
23,"F",14,15,15,15,14,16,10,15,15,16
21,"F",15,13,17,17,12,12,18,17,16,17
18,"M",14,12,15,18,15,15,15,17,18,15
21,"M",11,11,5,5,5,15,16,19,16,17
21,"F",15,21,16,13,11,12,14,16,18,13
20,"F",16,19,22,13,14,15,14,21,17,12
20,"F",13,21,17,13,14,12,14,17,18,13
23,"F",25,14,10,15,6,19,7,17,20,12
21,"M",11,11,5,5,5,25,25,25,25,25
19,"M",14,14,17,13,15,11,14,18,16,17
21,"F",15,11,17,18,17,16,11,16,20,17
20,"M",15,19,9,12,6,14,10,13,20,18
19,"F",11,20,19,16,9,11,14,19,20,13
20,"F",13,19,17,16,14,12,20,24,15,20
21,"M",14,10,18,16,13,13,11,17,18,16
19,"F",16,20,18,18,9,13,10,16,21,16
18,"F",19,20,20,18,10,16,12,21,21,16
20,"F",11,8,19,21,12,14,10,18,20,16
23,"M",14,16,18,19,13,12,10,17,21,16
21,"M",12,10,18,18,15,12,10,17,20,17
19,"F",11,18,20,18,15,9,12,18,23,13
20,"M",15,19,9,12,6,14,10,19,20,19
22,"F",13,15,18,19,14,16,10,21,20,19
20,"F",8,11,20,21,15,13,11,21,21,16
20,"F",8,11,20,21,15,13,12,20,21,19
20,"M",13,15,22,13,14,11,8,21,21,13
20,"F",11,18,21,19,12,11,7,18,18,18
20,"F",15,20,22,15,10,10,14,24,19,18
22,"F",14,15,19,16,9,12,9,19,21,18
22,"F",16,19,13,12,8,8,10,22,20,15
20,"F",13,16,14,20,13,9,10,20,21,20
19,"F",14,13,16,19,17,12,9,19,20,24
20,"F",16,16,15,18,15,11,5,21,22,19
